{"clf":"AdaBoostRegressor()","sampler":"None","fit_time":0.0545892239,"score_time":0.0029632568,"r2":0.6461950613,"neg_mean_squared_error":-6.4525520996,"neg_median_absolute_error":-1.9159484449,"neg_mean_absolute_error":-2.1052264515,"max_error":-10.7227045576}
{"clf":"RandomForestRegressor()","sampler":"None","fit_time":1.0210640907,"score_time":0.0186378956,"r2":0.6983766101,"neg_mean_squared_error":-5.4298117667,"neg_median_absolute_error":-1.119,"neg_mean_absolute_error":-1.59025,"max_error":-12.892}
{"clf":"ExtraTreesRegressor()","sampler":"None","fit_time":0.4810564518,"score_time":0.0225257874,"r2":0.6492368383,"neg_mean_squared_error":-6.3250154667,"neg_median_absolute_error":-1.003,"neg_mean_absolute_error":-1.6345933333,"max_error":-13.44}
{"clf":"GradientBoostingRegressor()","sampler":"None","fit_time":0.3970743656,"score_time":0.0041179657,"r2":0.7273953093,"neg_mean_squared_error":-4.9032733021,"neg_median_absolute_error":-1.3384942415,"neg_mean_absolute_error":-1.6362523294,"max_error":-12.7458273136}
{"clf":"KNeighborsRegressor()","sampler":"None","fit_time":0.0034947395,"score_time":0.0037270546,"r2":0.6733515202,"neg_mean_squared_error":-5.85716,"neg_median_absolute_error":-1.32,"neg_mean_absolute_error":-1.7526,"max_error":-13.4}
{"clf":"MLPRegressor()","sampler":"None","fit_time":1.6003500462,"score_time":0.0026004314,"r2":0.690869019,"neg_mean_squared_error":-5.5969294386,"neg_median_absolute_error":-1.5866893124,"neg_mean_absolute_error":-1.8534744654,"max_error":-11.5908693269}
{"clf":"DecisionTreeRegressor()","sampler":"None","fit_time":0.0076084614,"score_time":0.0015907288,"r2":0.4972651239,"neg_mean_squared_error":-9.0413333333,"neg_median_absolute_error":-1.0,"neg_mean_absolute_error":-1.8306666667,"max_error":-14.0}
{"clf":"AdaBoostRegressor()","sampler":"RandomOverSampler(random_state=42)","fit_time":0.0675777435,"score_time":0.0030285358,"r2":0.6931127498,"neg_mean_squared_error":-5.5642200039,"neg_median_absolute_error":-1.7559772189,"neg_mean_absolute_error":-1.8989642153,"max_error":-11.5704065991}
{"clf":"RandomForestRegressor()","sampler":"RandomOverSampler(random_state=42)","fit_time":1.0316403866,"score_time":0.0161130428,"r2":0.6843001805,"neg_mean_squared_error":-5.6657451667,"neg_median_absolute_error":-1.036,"neg_mean_absolute_error":-1.55723,"max_error":-13.6}
{"clf":"ExtraTreesRegressor()","sampler":"RandomOverSampler(random_state=42)","fit_time":0.4575435162,"score_time":0.0201174736,"r2":0.6436398226,"neg_mean_squared_error":-6.4198085333,"neg_median_absolute_error":-0.987,"neg_mean_absolute_error":-1.6286,"max_error":-13.578}
{"clf":"GradientBoostingRegressor()","sampler":"RandomOverSampler(random_state=42)","fit_time":0.5326409817,"score_time":0.0026250362,"r2":0.7258067928,"neg_mean_squared_error":-4.9175891784,"neg_median_absolute_error":-1.1248836319,"neg_mean_absolute_error":-1.5124600202,"max_error":-13.1164622651}
{"clf":"KNeighborsRegressor()","sampler":"RandomOverSampler(random_state=42)","fit_time":0.0094051361,"score_time":0.0040229797,"r2":0.6624858396,"neg_mean_squared_error":-6.01484,"neg_median_absolute_error":-1.16,"neg_mean_absolute_error":-1.6626,"max_error":-13.6}
{"clf":"MLPRegressor()","sampler":"RandomOverSampler(random_state=42)","fit_time":3.4535150528,"score_time":0.0026389599,"r2":0.7108934352,"neg_mean_squared_error":-5.2035876128,"neg_median_absolute_error":-1.2846911961,"neg_mean_absolute_error":-1.6331398484,"max_error":-13.0845478978}
{"clf":"DecisionTreeRegressor()","sampler":"RandomOverSampler(random_state=42)","fit_time":0.021364975,"score_time":0.002666235,"r2":0.4982910386,"neg_mean_squared_error":-9.0043333333,"neg_median_absolute_error":-1.0,"neg_mean_absolute_error":-1.813,"max_error":-14.0}
{"clf":"AdaBoostRegressor()","sampler":"RandomUnderSampler(random_state=42)","fit_time":0.0548675537,"score_time":0.0064264297,"r2":0.6416878668,"neg_mean_squared_error":-6.4583301392,"neg_median_absolute_error":-1.3243461947,"neg_mean_absolute_error":-1.8328391869,"max_error":-13.28}
{"clf":"RandomForestRegressor()","sampler":"RandomUnderSampler(random_state=42)","fit_time":0.1419908047,"score_time":0.0130058765,"r2":0.6577770382,"neg_mean_squared_error":-6.1520296667,"neg_median_absolute_error":-1.24,"neg_mean_absolute_error":-1.7334266667,"max_error":-13.56}
{"clf":"ExtraTreesRegressor()","sampler":"RandomUnderSampler(random_state=42)","fit_time":0.1025841713,"score_time":0.0142521381,"r2":0.6531731429,"neg_mean_squared_error":-6.2269449333,"neg_median_absolute_error":-1.161,"neg_mean_absolute_error":-1.7220266667,"max_error":-13.614}
{"clf":"GradientBoostingRegressor()","sampler":"RandomUnderSampler(random_state=42)","fit_time":0.0623645306,"score_time":0.0045826435,"r2":0.6148107998,"neg_mean_squared_error":-6.9345449444,"neg_median_absolute_error":-1.2043406029,"neg_mean_absolute_error":-1.8165076262,"max_error":-13.6188928118}
{"clf":"KNeighborsRegressor()","sampler":"RandomUnderSampler(random_state=42)","fit_time":0.007957077,"score_time":0.0037302494,"r2":0.6225556197,"neg_mean_squared_error":-6.81052,"neg_median_absolute_error":-1.44,"neg_mean_absolute_error":-1.9167333333,"max_error":-13.0}
{"clf":"MLPRegressor()","sampler":"RandomUnderSampler(random_state=42)","fit_time":0.0762872696,"score_time":0.0031169415,"r2":-0.8698584601,"neg_mean_squared_error":-33.6454185443,"neg_median_absolute_error":-4.886170295,"neg_mean_absolute_error":-4.9996096154,"max_error":-15.0728844773}
{"clf":"DecisionTreeRegressor()","sampler":"RandomUnderSampler(random_state=42)","fit_time":0.0070631027,"score_time":0.0028353214,"r2":0.4827865488,"neg_mean_squared_error":-9.2656666667,"neg_median_absolute_error":-1.2,"neg_mean_absolute_error":-2.0556666667,"max_error":-13.8}
