{"clf":"AdaBoostRegressor()","sampler":"None","fit_time":0.0336825848,"score_time":0.0041751385,"r2":-0.1660828551,"neg_mean_squared_error":-20.3190882894,"neg_median_absolute_error":-3.1180733512,"neg_mean_absolute_error":-3.6452916852,"max_error":-12.6067245679}
{"clf":"RandomForestRegressor()","sampler":"None","fit_time":1.1549995899,"score_time":0.0221548557,"r2":-0.1132538167,"neg_mean_squared_error":-20.7827300685,"neg_median_absolute_error":-2.077,"neg_mean_absolute_error":-3.1330371914,"max_error":-17.732}
{"clf":"ExtraTreesRegressor()","sampler":"None","fit_time":0.4725777149,"score_time":0.0225749493,"r2":-0.2983130241,"neg_mean_squared_error":-23.864800495,"neg_median_absolute_error":-1.955,"neg_mean_absolute_error":-3.2284206227,"max_error":-19.162}
{"clf":"GradientBoostingRegressor()","sampler":"None","fit_time":0.4456843853,"score_time":0.0040466309,"r2":0.0629800956,"neg_mean_squared_error":-17.9328224368,"neg_median_absolute_error":-2.1421875252,"neg_mean_absolute_error":-3.0331920964,"max_error":-16.407884869}
{"clf":"KNeighborsRegressor()","sampler":"None","fit_time":0.0034802914,"score_time":0.0040558338,"r2":-0.0337601312,"neg_mean_squared_error":-19.6631466667,"neg_median_absolute_error":-2.2,"neg_mean_absolute_error":-3.1178666667,"max_error":-17.28}
{"clf":"MLPRegressor()","sampler":"None","fit_time":1.7175748348,"score_time":0.0026646614,"r2":0.0129865253,"neg_mean_squared_error":-18.8577819602,"neg_median_absolute_error":-2.3903763698,"neg_mean_absolute_error":-3.2334717877,"max_error":-14.8807888725}
{"clf":"DecisionTreeRegressor()","sampler":"None","fit_time":0.0116156578,"score_time":0.0025972366,"r2":-0.7857616276,"neg_mean_squared_error":-32.9759312617,"neg_median_absolute_error":-1.8,"neg_mean_absolute_error":-3.647043956,"max_error":-19.8}
{"clf":"AdaBoostRegressor()","sampler":"RandomOverSampler(random_state=42)","fit_time":0.1258704185,"score_time":0.0035336494,"r2":-0.8450719796,"neg_mean_squared_error":-27.0819206308,"neg_median_absolute_error":-3.8330971409,"neg_mean_absolute_error":-4.3603385724,"max_error":-14.1284790295}
{"clf":"RandomForestRegressor()","sampler":"RandomOverSampler(random_state=42)","fit_time":2.4828116417,"score_time":0.0221509457,"r2":-0.4665437147,"neg_mean_squared_error":-25.7850645038,"neg_median_absolute_error":-2.048,"neg_mean_absolute_error":-3.3513801758,"max_error":-19.162}
{"clf":"ExtraTreesRegressor()","sampler":"RandomOverSampler(random_state=42)","fit_time":0.972668457,"score_time":0.0228315353,"r2":-0.3758588295,"neg_mean_squared_error":-25.2165447667,"neg_median_absolute_error":-1.961,"neg_mean_absolute_error":-3.2761807162,"max_error":-19.12}
{"clf":"GradientBoostingRegressor()","sampler":"RandomOverSampler(random_state=42)","fit_time":1.1961309433,"score_time":0.003572464,"r2":-0.9146082478,"neg_mean_squared_error":-28.4228228045,"neg_median_absolute_error":-3.2103585924,"neg_mean_absolute_error":-4.0677587507,"max_error":-17.8828676854}
{"clf":"KNeighborsRegressor()","sampler":"RandomOverSampler(random_state=42)","fit_time":0.0252991676,"score_time":0.005027771,"r2":-0.8546185891,"neg_mean_squared_error":-29.0916533333,"neg_median_absolute_error":-1.92,"neg_mean_absolute_error":-3.5317333333,"max_error":-19.6}
{"clf":"MLPRegressor()","sampler":"RandomOverSampler(random_state=42)","fit_time":10.5568870544,"score_time":0.0034105301,"r2":-1.2414512502,"neg_mean_squared_error":-32.7142491463,"neg_median_absolute_error":-3.3829332443,"neg_mean_absolute_error":-4.3613610387,"max_error":-17.6620635083}
{"clf":"DecisionTreeRegressor()","sampler":"RandomOverSampler(random_state=42)","fit_time":0.0311849594,"score_time":0.0020020962,"r2":-0.8422167368,"neg_mean_squared_error":-33.5551971964,"neg_median_absolute_error":-1.8,"neg_mean_absolute_error":-3.631699122,"max_error":-19.8}
{"clf":"AdaBoostRegressor()","sampler":"RandomUnderSampler(random_state=42)","fit_time":0.0225646973,"score_time":0.0029985905,"r2":-0.9974522189,"neg_mean_squared_error":-29.5498976584,"neg_median_absolute_error":-3.9569011018,"neg_mean_absolute_error":-4.4232073401,"max_error":-17.0099511741}
{"clf":"RandomForestRegressor()","sampler":"RandomUnderSampler(random_state=42)","fit_time":0.2750840187,"score_time":0.0166601658,"r2":-1.2854219089,"neg_mean_squared_error":-34.2962893667,"neg_median_absolute_error":-3.196,"neg_mean_absolute_error":-4.27059,"max_error":-19.604}
{"clf":"ExtraTreesRegressor()","sampler":"RandomUnderSampler(random_state=42)","fit_time":0.1661828995,"score_time":0.0196306705,"r2":-1.3811316422,"neg_mean_squared_error":-36.0989604,"neg_median_absolute_error":-2.852,"neg_mean_absolute_error":-4.213,"max_error":-19.802}
{"clf":"GradientBoostingRegressor()","sampler":"RandomUnderSampler(random_state=42)","fit_time":0.1052115917,"score_time":0.0032008648,"r2":-1.3882614667,"neg_mean_squared_error":-35.3275525253,"neg_median_absolute_error":-3.2483346714,"neg_mean_absolute_error":-4.3495912267,"max_error":-19.7176379675}
{"clf":"KNeighborsRegressor()","sampler":"RandomUnderSampler(random_state=42)","fit_time":0.0045991898,"score_time":0.0028474331,"r2":-1.310605769,"neg_mean_squared_error":-35.00424,"neg_median_absolute_error":-3.4,"neg_mean_absolute_error":-4.3952,"max_error":-19.4}
{"clf":"MLPRegressor()","sampler":"RandomUnderSampler(random_state=42)","fit_time":0.3303971291,"score_time":0.0024054527,"r2":-1.1433930173,"neg_mean_squared_error":-34.54036912,"neg_median_absolute_error":-4.5732669618,"neg_mean_absolute_error":-4.9400948539,"max_error":-13.4140832031}
{"clf":"DecisionTreeRegressor()","sampler":"RandomUnderSampler(random_state=42)","fit_time":0.0052039623,"score_time":0.0016798019,"r2":-1.9761057294,"neg_mean_squared_error":-45.4063333333,"neg_median_absolute_error":-2.6,"neg_mean_absolute_error":-4.4883333333,"max_error":-19.8}
