{"clf":"AdaBoostRegressor()","sampler":"None","fit_time":0.0427631378,"score_time":0.0032578945,"r2":0.4649916291,"neg_mean_squared_error":-10.8957550594,"neg_median_absolute_error":-2.2266491057,"neg_mean_absolute_error":-2.6208672079,"max_error":-13.5484946594}
{"clf":"RandomForestRegressor()","sampler":"None","fit_time":0.9411643505,"score_time":0.0171811581,"r2":0.5036759328,"neg_mean_squared_error":-9.6319109333,"neg_median_absolute_error":-1.511,"neg_mean_absolute_error":-2.1418133333,"max_error":-16.68}
{"clf":"ExtraTreesRegressor()","sampler":"None","fit_time":0.4630691528,"score_time":0.0224243164,"r2":0.4569104184,"neg_mean_squared_error":-10.5408769,"neg_median_absolute_error":-1.476,"neg_mean_absolute_error":-2.1867433333,"max_error":-17.77}
{"clf":"GradientBoostingRegressor()","sampler":"None","fit_time":0.3984525681,"score_time":0.0032504082,"r2":0.528422442,"neg_mean_squared_error":-9.2374710334,"neg_median_absolute_error":-1.7769463584,"neg_mean_absolute_error":-2.2253725217,"max_error":-17.5456698706}
{"clf":"KNeighborsRegressor()","sampler":"None","fit_time":0.0037507057,"score_time":0.0040541172,"r2":0.517813446,"neg_mean_squared_error":-9.4182133333,"neg_median_absolute_error":-1.68,"neg_mean_absolute_error":-2.2085333333,"max_error":-14.48}
{"clf":"MLPRegressor()","sampler":"None","fit_time":1.7183963299,"score_time":0.0033843994,"r2":0.5036889206,"neg_mean_squared_error":-9.8347795608,"neg_median_absolute_error":-1.9944170786,"neg_mean_absolute_error":-2.4173472442,"max_error":-15.0133777375}
{"clf":"DecisionTreeRegressor()","sampler":"None","fit_time":0.0111217499,"score_time":0.0027190685,"r2":0.1447857456,"neg_mean_squared_error":-16.7923333333,"neg_median_absolute_error":-1.6,"neg_mean_absolute_error":-2.5863333333,"max_error":-18.6}
{"clf":"AdaBoostRegressor()","sampler":"RandomOverSampler(random_state=42)","fit_time":0.0933743,"score_time":0.0034600258,"r2":0.4577499734,"neg_mean_squared_error":-10.6782424301,"neg_median_absolute_error":-2.2842839607,"neg_mean_absolute_error":-2.5481534814,"max_error":-14.71026604}
{"clf":"RandomForestRegressor()","sampler":"RandomOverSampler(random_state=42)","fit_time":1.6917754173,"score_time":0.0192503452,"r2":0.4677350225,"neg_mean_squared_error":-10.3055250667,"neg_median_absolute_error":-1.405,"neg_mean_absolute_error":-2.1101733333,"max_error":-16.972}
{"clf":"ExtraTreesRegressor()","sampler":"RandomOverSampler(random_state=42)","fit_time":0.6707335949,"score_time":0.0220243931,"r2":0.4434376868,"neg_mean_squared_error":-10.8110628333,"neg_median_absolute_error":-1.442,"neg_mean_absolute_error":-2.17801,"max_error":-18.332}
{"clf":"GradientBoostingRegressor()","sampler":"RandomOverSampler(random_state=42)","fit_time":0.753468132,"score_time":0.0037962437,"r2":0.4601076089,"neg_mean_squared_error":-10.4306199064,"neg_median_absolute_error":-1.5877086017,"neg_mean_absolute_error":-2.2253922302,"max_error":-17.0097057685}
{"clf":"KNeighborsRegressor()","sampler":"RandomOverSampler(random_state=42)","fit_time":0.015797472,"score_time":0.0042361259,"r2":0.4015926139,"neg_mean_squared_error":-11.5103066667,"neg_median_absolute_error":-1.44,"neg_mean_absolute_error":-2.2424666667,"max_error":-16.8}
{"clf":"MLPRegressor()","sampler":"RandomOverSampler(random_state=42)","fit_time":5.1772287369,"score_time":0.0028936386,"r2":0.4171904669,"neg_mean_squared_error":-11.3315007131,"neg_median_absolute_error":-1.6343727786,"neg_mean_absolute_error":-2.3234182983,"max_error":-16.4839966323}
{"clf":"DecisionTreeRegressor()","sampler":"RandomOverSampler(random_state=42)","fit_time":0.0279716492,"score_time":0.0031087875,"r2":0.219090762,"neg_mean_squared_error":-15.4886666667,"neg_median_absolute_error":-1.2,"neg_mean_absolute_error":-2.4386666667,"max_error":-18.6}
{"clf":"AdaBoostRegressor()","sampler":"RandomUnderSampler(random_state=42)","fit_time":0.046769619,"score_time":0.005850935,"r2":0.4147927917,"neg_mean_squared_error":-11.3487179335,"neg_median_absolute_error":-2.0486366047,"neg_mean_absolute_error":-2.4973808933,"max_error":-17.4966315984}
{"clf":"RandomForestRegressor()","sampler":"RandomUnderSampler(random_state=42)","fit_time":0.2352958679,"score_time":0.015275526,"r2":0.3808304,"neg_mean_squared_error":-11.8626473,"neg_median_absolute_error":-1.548,"neg_mean_absolute_error":-2.3224166667,"max_error":-17.62}
{"clf":"ExtraTreesRegressor()","sampler":"RandomUnderSampler(random_state=42)","fit_time":0.1353891373,"score_time":0.0171285629,"r2":0.3494364317,"neg_mean_squared_error":-12.3555612,"neg_median_absolute_error":-1.546,"neg_mean_absolute_error":-2.34064,"max_error":-17.798}
{"clf":"GradientBoostingRegressor()","sampler":"RandomUnderSampler(random_state=42)","fit_time":0.0855106354,"score_time":0.0034226418,"r2":0.3649723659,"neg_mean_squared_error":-12.0950736194,"neg_median_absolute_error":-1.6410874622,"neg_mean_absolute_error":-2.3809198543,"max_error":-17.6366603923}
{"clf":"KNeighborsRegressor()","sampler":"RandomUnderSampler(random_state=42)","fit_time":0.003706646,"score_time":0.0030162334,"r2":0.3446861759,"neg_mean_squared_error":-12.8359466667,"neg_median_absolute_error":-1.88,"neg_mean_absolute_error":-2.544,"max_error":-17.2}
{"clf":"MLPRegressor()","sampler":"RandomUnderSampler(random_state=42)","fit_time":0.2656722546,"score_time":0.002889967,"r2":-0.0636478357,"neg_mean_squared_error":-19.9594977606,"neg_median_absolute_error":-3.7828279166,"neg_mean_absolute_error":-3.8634818004,"max_error":-12.6435856593}
{"clf":"DecisionTreeRegressor()","sampler":"RandomUnderSampler(random_state=42)","fit_time":0.005806303,"score_time":0.0019986629,"r2":0.1167985236,"neg_mean_squared_error":-16.9366666667,"neg_median_absolute_error":-1.6,"neg_mean_absolute_error":-2.692,"max_error":-17.8}
