{"clf":"AdaBoostRegressor()","sampler":"None","fit_time":0.0105843544,"score_time":0.0026473045,"r2":0.2898729162,"neg_mean_squared_error":-34.1612926401,"neg_median_absolute_error":-2.7013480306,"neg_mean_absolute_error":-4.2661462659,"max_error":-18.7380395626}
{"clf":"RandomForestRegressor()","sampler":"None","fit_time":0.2421075344,"score_time":0.0082109928,"r2":0.2216066157,"neg_mean_squared_error":-37.0958132255,"neg_median_absolute_error":-1.155,"neg_mean_absolute_error":-3.5867977186,"max_error":-20.0}
{"clf":"ExtraTreesRegressor()","sampler":"None","fit_time":0.1171263218,"score_time":0.0089771271,"r2":0.1077000038,"neg_mean_squared_error":-42.0779793338,"neg_median_absolute_error":-0.718,"neg_mean_absolute_error":-3.6135755721,"max_error":-20.0}
{"clf":"GradientBoostingRegressor()","sampler":"None","fit_time":0.1080103397,"score_time":0.0018690586,"r2":0.3345336965,"neg_mean_squared_error":-32.1519193924,"neg_median_absolute_error":-1.6035954418,"neg_mean_absolute_error":-3.5575615747,"max_error":-19.6125335172}
{"clf":"KNeighborsRegressor()","sampler":"None","fit_time":0.001406908,"score_time":0.0017929554,"r2":0.2871078562,"neg_mean_squared_error":-34.3866467662,"neg_median_absolute_error":-2.26,"neg_mean_absolute_error":-3.611799005,"max_error":-20.0}
{"clf":"MLPRegressor()","sampler":"None","fit_time":0.4860735416,"score_time":0.0020014763,"r2":0.3683876968,"neg_mean_squared_error":-30.7502091093,"neg_median_absolute_error":-2.422915619,"neg_mean_absolute_error":-3.774881802,"max_error":-20.4094800965}
{"clf":"SVR()","sampler":"None","fit_time":0.0134031296,"score_time":0.009604311,"r2":0.3489507883,"neg_mean_squared_error":-31.8432528833,"neg_median_absolute_error":-0.1415374526,"neg_mean_absolute_error":-2.683134091,"max_error":-19.994128431}
{"clf":"DecisionTreeRegressor()","sampler":"None","fit_time":0.0023999214,"score_time":0.0012056828,"r2":-0.2138388146,"neg_mean_squared_error":-57.3260298507,"neg_median_absolute_error":0.0,"neg_mean_absolute_error":-3.9441393035,"max_error":-20.0}
{"clf":"AdaBoostRegressor()","sampler":"RandomOverSampler(random_state=42)","fit_time":0.0346663952,"score_time":0.0020478249,"r2":-0.065291608,"neg_mean_squared_error":-50.1222345014,"neg_median_absolute_error":-6.342057411,"neg_mean_absolute_error":-6.5184130208,"max_error":-14.1248492487}
{"clf":"RandomForestRegressor()","sampler":"RandomOverSampler(random_state=42)","fit_time":0.6624922276,"score_time":0.0081395626,"r2":-0.0389701555,"neg_mean_squared_error":-49.1252658591,"neg_median_absolute_error":-0.991,"neg_mean_absolute_error":-3.9642503192,"max_error":-20.0}
{"clf":"ExtraTreesRegressor()","sampler":"RandomOverSampler(random_state=42)","fit_time":0.2998888969,"score_time":0.0089256287,"r2":0.110009605,"neg_mean_squared_error":-42.1967462806,"neg_median_absolute_error":-0.783,"neg_mean_absolute_error":-3.6124944279,"max_error":-20.0}
{"clf":"GradientBoostingRegressor()","sampler":"RandomOverSampler(random_state=42)","fit_time":0.4012266636,"score_time":0.0021916866,"r2":0.2102783473,"neg_mean_squared_error":-37.958516474,"neg_median_absolute_error":-3.8440733573,"neg_mean_absolute_error":-4.9695531695,"max_error":-18.2449843786}
{"clf":"KNeighborsRegressor()","sampler":"RandomOverSampler(random_state=42)","fit_time":0.0115972996,"score_time":0.0028070927,"r2":-0.2602811419,"neg_mean_squared_error":-59.449481791,"neg_median_absolute_error":-0.86,"neg_mean_absolute_error":-4.488760199,"max_error":-20.0}
{"clf":"MLPRegressor()","sampler":"RandomOverSampler(random_state=42)","fit_time":5.0379938126,"score_time":0.0026010036,"r2":0.2507959305,"neg_mean_squared_error":-35.9921279043,"neg_median_absolute_error":-4.3376251615,"neg_mean_absolute_error":-5.2192185898,"max_error":-16.3642617033}
{"clf":"SVR()","sampler":"RandomOverSampler(random_state=42)","fit_time":1.9715136528,"score_time":0.1362967968,"r2":0.3442771479,"neg_mean_squared_error":-32.0029361589,"neg_median_absolute_error":-0.1950034027,"neg_mean_absolute_error":-2.6894120726,"max_error":-19.9113654542}
{"clf":"DecisionTreeRegressor()","sampler":"RandomOverSampler(random_state=42)","fit_time":0.0143359184,"score_time":0.0019050121,"r2":-0.246454325,"neg_mean_squared_error":-58.9363047264,"neg_median_absolute_error":-0.3,"neg_mean_absolute_error":-4.0191616915,"max_error":-20.0}
{"clf":"AdaBoostRegressor()","sampler":"RandomUnderSampler(random_state=42)","fit_time":0.0303182125,"score_time":0.0033547878,"r2":0.086053515,"neg_mean_squared_error":-43.7705798022,"neg_median_absolute_error":-3.454047619,"neg_mean_absolute_error":-4.7252451279,"max_error":-19.5521367521}
{"clf":"RandomForestRegressor()","sampler":"RandomUnderSampler(random_state=42)","fit_time":0.114333725,"score_time":0.0077982903,"r2":0.0948771729,"neg_mean_squared_error":-43.8677047716,"neg_median_absolute_error":-2.708,"neg_mean_absolute_error":-4.5323925871,"max_error":-19.66}
{"clf":"ExtraTreesRegressor()","sampler":"RandomUnderSampler(random_state=42)","fit_time":0.0793513775,"score_time":0.0084429264,"r2":0.0253706447,"neg_mean_squared_error":-47.4253655592,"neg_median_absolute_error":-1.646,"neg_mean_absolute_error":-4.1407057711,"max_error":-20.0}
{"clf":"GradientBoostingRegressor()","sampler":"RandomUnderSampler(random_state=42)","fit_time":0.0412892818,"score_time":0.0022129059,"r2":-0.112803138,"neg_mean_squared_error":-53.0622333003,"neg_median_absolute_error":-2.9911788047,"neg_mean_absolute_error":-4.9774338887,"max_error":-21.4149074773}
{"clf":"KNeighborsRegressor()","sampler":"RandomUnderSampler(random_state=42)","fit_time":0.0029995441,"score_time":0.0014007568,"r2":0.1576595593,"neg_mean_squared_error":-40.896798408,"neg_median_absolute_error":-3.92,"neg_mean_absolute_error":-4.4893492537,"max_error":-19.56}
{"clf":"MLPRegressor()","sampler":"RandomUnderSampler(random_state=42)","fit_time":0.077190876,"score_time":0.0021660805,"r2":-2.4242934952,"neg_mean_squared_error":-161.1668162482,"neg_median_absolute_error":-13.8381016578,"neg_mean_absolute_error":-11.7894195691,"max_error":-16.2349050888}
{"clf":"SVR()","sampler":"RandomUnderSampler(random_state=42)","fit_time":0.0040227413,"score_time":0.0035080433,"r2":0.3581748855,"neg_mean_squared_error":-31.3492100689,"neg_median_absolute_error":-1.2720977204,"neg_mean_absolute_error":-3.2956123286,"max_error":-18.8457837251}
{"clf":"DecisionTreeRegressor()","sampler":"RandomUnderSampler(random_state=42)","fit_time":0.0033986568,"score_time":0.0015715122,"r2":-0.2520632196,"neg_mean_squared_error":-61.0232736318,"neg_median_absolute_error":-0.4,"neg_mean_absolute_error":-4.194,"max_error":-20.0}
