{"clf":"AdaBoostRegressor()","sampler":"None","fit_time":0.0081860065,"score_time":0.0024221897,"r2":0.3575281911,"neg_mean_squared_error":-30.5112349466,"neg_median_absolute_error":-2.0475107302,"neg_mean_absolute_error":-3.635291783,"max_error":-18.9581413118}
{"clf":"RandomForestRegressor()","sampler":"None","fit_time":0.2480259895,"score_time":0.00807724,"r2":0.2172839637,"neg_mean_squared_error":-36.8868157811,"neg_median_absolute_error":-1.245,"neg_mean_absolute_error":-3.5965465672,"max_error":-20.0}
{"clf":"ExtraTreesRegressor()","sampler":"None","fit_time":0.128899622,"score_time":0.0097443104,"r2":0.0559008665,"neg_mean_squared_error":-44.4160000465,"neg_median_absolute_error":-0.842,"neg_mean_absolute_error":-3.7820999337,"max_error":-20.0}
{"clf":"GradientBoostingRegressor()","sampler":"None","fit_time":0.1112282753,"score_time":0.0019741058,"r2":0.3323306725,"neg_mean_squared_error":-31.5439405927,"neg_median_absolute_error":-1.6708765997,"neg_mean_absolute_error":-3.4965994515,"max_error":-19.4978990418}
{"clf":"KNeighborsRegressor()","sampler":"None","fit_time":0.0015942574,"score_time":0.001794529,"r2":0.297722573,"neg_mean_squared_error":-33.0855830846,"neg_median_absolute_error":-2.24,"neg_mean_absolute_error":-3.5784965174,"max_error":-20.0}
{"clf":"MLPRegressor()","sampler":"None","fit_time":0.4653226376,"score_time":0.0014005661,"r2":0.3810695298,"neg_mean_squared_error":-29.3252629203,"neg_median_absolute_error":-2.4201342182,"neg_mean_absolute_error":-3.674381995,"max_error":-20.4478179705}
{"clf":"SVR()","sampler":"None","fit_time":0.0163047791,"score_time":0.0118453026,"r2":0.3753660175,"neg_mean_squared_error":-29.7786342286,"neg_median_absolute_error":-0.2259007545,"neg_mean_absolute_error":-2.6088076423,"max_error":-19.993344938}
{"clf":"DecisionTreeRegressor()","sampler":"None","fit_time":0.002792263,"score_time":0.0016530514,"r2":-0.2437242131,"neg_mean_squared_error":-58.416238806,"neg_median_absolute_error":-0.4,"neg_mean_absolute_error":-4.1127164179,"max_error":-20.0}
{"clf":"AdaBoostRegressor()","sampler":"RandomOverSampler(random_state=42)","fit_time":0.0378515244,"score_time":0.0023341656,"r2":-0.1309198564,"neg_mean_squared_error":-52.0851860855,"neg_median_absolute_error":-7.00627347,"neg_mean_absolute_error":-6.8281309862,"max_error":-12.8992652508}
{"clf":"RandomForestRegressor()","sampler":"RandomOverSampler(random_state=42)","fit_time":0.6499972343,"score_time":0.0090013981,"r2":0.0245847485,"neg_mean_squared_error":-45.5763754119,"neg_median_absolute_error":-1.169,"neg_mean_absolute_error":-3.8950516418,"max_error":-19.92}
{"clf":"ExtraTreesRegressor()","sampler":"RandomOverSampler(random_state=42)","fit_time":0.2966430664,"score_time":0.0090457916,"r2":0.0836232875,"neg_mean_squared_error":-43.0477255806,"neg_median_absolute_error":-0.869,"neg_mean_absolute_error":-3.7467804478,"max_error":-20.0}
{"clf":"GradientBoostingRegressor()","sampler":"RandomOverSampler(random_state=42)","fit_time":0.4134022713,"score_time":0.0023279667,"r2":0.2238159466,"neg_mean_squared_error":-36.2921177612,"neg_median_absolute_error":-3.7793125892,"neg_mean_absolute_error":-4.8408747586,"max_error":-17.1600195638}
{"clf":"KNeighborsRegressor()","sampler":"RandomOverSampler(random_state=42)","fit_time":0.0097004414,"score_time":0.0027236462,"r2":-0.3245081467,"neg_mean_squared_error":-62.0222491542,"neg_median_absolute_error":-1.0,"neg_mean_absolute_error":-4.6685810945,"max_error":-20.0}
{"clf":"MLPRegressor()","sampler":"RandomOverSampler(random_state=42)","fit_time":3.463018322,"score_time":0.0017999172,"r2":0.2738249634,"neg_mean_squared_error":-34.039407771,"neg_median_absolute_error":-4.1261358983,"neg_mean_absolute_error":-5.1164931096,"max_error":-16.1080754904}
{"clf":"SVR()","sampler":"RandomOverSampler(random_state=42)","fit_time":1.4600775719,"score_time":0.1179584026,"r2":0.3633872272,"neg_mean_squared_error":-30.4022739899,"neg_median_absolute_error":-0.2360587309,"neg_mean_absolute_error":-2.6706248291,"max_error":-19.9468037646}
{"clf":"DecisionTreeRegressor()","sampler":"RandomOverSampler(random_state=42)","fit_time":0.0130386829,"score_time":0.0016222,"r2":-0.2304402456,"neg_mean_squared_error":-57.262920398,"neg_median_absolute_error":-0.4,"neg_mean_absolute_error":-4.0155074627,"max_error":-20.0}
{"clf":"AdaBoostRegressor()","sampler":"RandomUnderSampler(random_state=42)","fit_time":0.0246621132,"score_time":0.0031626701,"r2":-0.1048682971,"neg_mean_squared_error":-50.8485666633,"neg_median_absolute_error":-4.1494829245,"neg_mean_absolute_error":-5.538490431,"max_error":-18.1125}
{"clf":"RandomForestRegressor()","sampler":"RandomUnderSampler(random_state=42)","fit_time":0.0932847977,"score_time":0.0076845169,"r2":0.1052545479,"neg_mean_squared_error":-41.6802837149,"neg_median_absolute_error":-3.512,"neg_mean_absolute_error":-4.8930189552,"max_error":-18.14}
{"clf":"ExtraTreesRegressor()","sampler":"RandomUnderSampler(random_state=42)","fit_time":0.0645013809,"score_time":0.0068256378,"r2":-0.0375231726,"neg_mean_squared_error":-48.4188317418,"neg_median_absolute_error":-2.958,"neg_mean_absolute_error":-4.7504749751,"max_error":-19.988}
{"clf":"GradientBoostingRegressor()","sampler":"RandomUnderSampler(random_state=42)","fit_time":0.0371653557,"score_time":0.0020130634,"r2":-0.0606762692,"neg_mean_squared_error":-49.0475721826,"neg_median_absolute_error":-2.8104927968,"neg_mean_absolute_error":-4.8284234236,"max_error":-21.4295596567}
{"clf":"KNeighborsRegressor()","sampler":"RandomUnderSampler(random_state=42)","fit_time":0.0036874771,"score_time":0.0020164013,"r2":0.1874496587,"neg_mean_squared_error":-37.9409110448,"neg_median_absolute_error":-4.04,"neg_mean_absolute_error":-4.9124955224,"max_error":-17.72}
{"clf":"MLPRegressor()","sampler":"RandomUnderSampler(random_state=42)","fit_time":0.0532681942,"score_time":0.0024914742,"r2":-2.2533106343,"neg_mean_squared_error":-150.0890501737,"neg_median_absolute_error":-13.0960030187,"neg_mean_absolute_error":-11.4269577241,"max_error":-15.9273508111}
{"clf":"SVR()","sampler":"RandomUnderSampler(random_state=42)","fit_time":0.0040466785,"score_time":0.002722168,"r2":0.2851264912,"neg_mean_squared_error":-33.2178725704,"neg_median_absolute_error":-3.0373584967,"neg_mean_absolute_error":-4.1802433259,"max_error":-17.0398787992}
{"clf":"DecisionTreeRegressor()","sampler":"RandomUnderSampler(random_state=42)","fit_time":0.0043377399,"score_time":0.001981926,"r2":-0.3706449398,"neg_mean_squared_error":-64.524761194,"neg_median_absolute_error":-1.0,"neg_mean_absolute_error":-4.6706119403,"max_error":-20.0}
