{"clf":"AdaBoostRegressor()","sampler":"None","fit_time":0.0218029976,"score_time":0.0023983479,"r2":0.0799506332,"neg_mean_squared_error":-79.8700876865,"neg_median_absolute_error":-6.8104472978,"neg_mean_absolute_error":-8.3103697672,"max_error":-18.1101010101}
{"clf":"RandomForestRegressor()","sampler":"None","fit_time":1.6156476498,"score_time":0.02868433,"r2":-0.0660027315,"neg_mean_squared_error":-92.5394309849,"neg_median_absolute_error":-6.0301254264,"neg_mean_absolute_error":-8.2141059842,"max_error":-20.0}
{"clf":"ExtraTreesRegressor()","sampler":"None","fit_time":0.5142042637,"score_time":0.0304394245,"r2":-0.1530704227,"neg_mean_squared_error":-100.0949114855,"neg_median_absolute_error":-6.033221393,"neg_mean_absolute_error":-8.2352583543,"max_error":-20.0}
{"clf":"GradientBoostingRegressor()","sampler":"None","fit_time":0.5826422691,"score_time":0.0040606022,"r2":0.0813341716,"neg_mean_squared_error":-79.74917298,"neg_median_absolute_error":-6.3981176485,"neg_mean_absolute_error":-8.2530303211,"max_error":-17.6688713002}
{"clf":"KNeighborsRegressor()","sampler":"None","fit_time":0.0096804619,"score_time":0.010850668,"r2":-0.0897593054,"neg_mean_squared_error":-94.6096485198,"neg_median_absolute_error":-8.0,"neg_mean_absolute_error":-8.2342285256,"max_error":-20.0}
{"clf":"MLPRegressor()","sampler":"None","fit_time":4.026911068,"score_time":0.0028479576,"r2":0.0857934718,"neg_mean_squared_error":-79.3632130774,"neg_median_absolute_error":-6.3495097555,"neg_mean_absolute_error":-8.2617185961,"max_error":-13.7783244192}
{"clf":"DecisionTreeRegressor()","sampler":"None","fit_time":0.0187142849,"score_time":0.0023525238,"r2":-0.2797885192,"neg_mean_squared_error":-111.0958167477,"neg_median_absolute_error":-6.033221393,"neg_mean_absolute_error":-8.2979569476,"max_error":-20.0}
{"clf":"AdaBoostRegressor()","sampler":"RandomOverSampler(random_state=42)","fit_time":0.5816598892,"score_time":0.003697443,"r2":-0.0124831492,"neg_mean_squared_error":-87.8960580489,"neg_median_absolute_error":-9.3254200062,"neg_mean_absolute_error":-9.1930995602,"max_error":-10.7385217851}
{"clf":"RandomForestRegressor()","sampler":"RandomOverSampler(random_state=42)","fit_time":13.5207509995,"score_time":0.0363314629,"r2":-0.1809221066,"neg_mean_squared_error":-102.511255866,"neg_median_absolute_error":-8.281647838,"neg_mean_absolute_error":-8.8460341896,"max_error":-20.0}
{"clf":"ExtraTreesRegressor()","sampler":"RandomOverSampler(random_state=42)","fit_time":3.0294231892,"score_time":0.0316029549,"r2":-0.1831617756,"neg_mean_squared_error":-102.7063348209,"neg_median_absolute_error":-8.2951120649,"neg_mean_absolute_error":-8.7290768633,"max_error":-20.0}
{"clf":"GradientBoostingRegressor()","sampler":"RandomOverSampler(random_state=42)","fit_time":4.7080516338,"score_time":0.0036089897,"r2":0.0187102872,"neg_mean_squared_error":-85.1834799575,"neg_median_absolute_error":-8.4249372472,"neg_mean_absolute_error":-8.9598134507,"max_error":-15.8531291147}
{"clf":"KNeighborsRegressor()","sampler":"RandomOverSampler(random_state=42)","fit_time":0.1303291321,"score_time":0.0175248623,"r2":-0.2233495369,"neg_mean_squared_error":-106.2022066494,"neg_median_absolute_error":-8.0,"neg_mean_absolute_error":-8.4789521189,"max_error":-20.0}
{"clf":"MLPRegressor()","sampler":"RandomOverSampler(random_state=42)","fit_time":126.0757653713,"score_time":0.0066721439,"r2":0.0149446223,"neg_mean_squared_error":-85.5132230611,"neg_median_absolute_error":-8.4645905326,"neg_mean_absolute_error":-8.9914641284,"max_error":-16.8321894939}
{"clf":"DecisionTreeRegressor()","sampler":"RandomOverSampler(random_state=42)","fit_time":0.3238771915,"score_time":0.0033854008,"r2":-0.3215915672,"neg_mean_squared_error":-114.7264207642,"neg_median_absolute_error":-8.2951100161,"neg_mean_absolute_error":-8.8370420829,"max_error":-20.0}
{"clf":"AdaBoostRegressor()","sampler":"RandomUnderSampler(random_state=42)","fit_time":0.0221461773,"score_time":0.0049942017,"r2":-0.0377451897,"neg_mean_squared_error":-90.0846067044,"neg_median_absolute_error":-8.8736625469,"neg_mean_absolute_error":-9.1386917663,"max_error":-16.767032967}
{"clf":"RandomForestRegressor()","sampler":"RandomUnderSampler(random_state=42)","fit_time":0.3668360233,"score_time":0.0221388817,"r2":-0.1242754672,"neg_mean_squared_error":-97.6042106004,"neg_median_absolute_error":-7.2220756278,"neg_mean_absolute_error":-8.7928144344,"max_error":-19.404}
{"clf":"ExtraTreesRegressor()","sampler":"RandomUnderSampler(random_state=42)","fit_time":0.1740959167,"score_time":0.0247842789,"r2":-0.2489926758,"neg_mean_squared_error":-108.4394435705,"neg_median_absolute_error":-7.2596937113,"neg_mean_absolute_error":-8.8869623007,"max_error":-20.0}
{"clf":"GradientBoostingRegressor()","sampler":"RandomUnderSampler(random_state=42)","fit_time":0.0968853474,"score_time":0.0043987274,"r2":-0.0680749078,"neg_mean_squared_error":-92.7216088262,"neg_median_absolute_error":-7.4991312314,"neg_mean_absolute_error":-8.806998951,"max_error":-19.7607136732}
{"clf":"KNeighborsRegressor()","sampler":"RandomUnderSampler(random_state=42)","fit_time":0.0075248718,"score_time":0.0058745861,"r2":-0.1738455967,"neg_mean_squared_error":-101.9158265693,"neg_median_absolute_error":-8.04,"neg_mean_absolute_error":-8.9639781049,"max_error":-20.0}
{"clf":"MLPRegressor()","sampler":"RandomUnderSampler(random_state=42)","fit_time":0.4168399811,"score_time":0.0028029442,"r2":-0.2216061919,"neg_mean_squared_error":-106.0489158666,"neg_median_absolute_error":-11.9089429425,"neg_mean_absolute_error":-9.960584577,"max_error":-12.161310535}
{"clf":"DecisionTreeRegressor()","sampler":"RandomUnderSampler(random_state=42)","fit_time":0.0085198879,"score_time":0.0020267487,"r2":-0.3428087887,"neg_mean_squared_error":-116.575677587,"neg_median_absolute_error":-7.2596937113,"neg_mean_absolute_error":-8.8085388097,"max_error":-20.0}
