{"clf":"AdaBoostRegressor()","sampler":"None","fit_time":0.0146048546,"score_time":0.0017756939,"r2":0.0460406637,"neg_mean_squared_error":-86.2539107703,"neg_median_absolute_error":-7.066421194,"neg_mean_absolute_error":-8.8023716815,"max_error":-17.1212837878}
{"clf":"RandomForestRegressor()","sampler":"None","fit_time":1.4370905399,"score_time":0.0275417328,"r2":-0.0539371431,"neg_mean_squared_error":-95.304800135,"neg_median_absolute_error":-6.947534742,"neg_mean_absolute_error":-8.784041089,"max_error":-20.0}
{"clf":"ExtraTreesRegressor()","sampler":"None","fit_time":0.3610961437,"score_time":0.0223119736,"r2":-0.1032848705,"neg_mean_squared_error":-99.7651703158,"neg_median_absolute_error":-6.9464573338,"neg_mean_absolute_error":-8.7975474559,"max_error":-20.0}
{"clf":"GradientBoostingRegressor()","sampler":"None","fit_time":0.4541020393,"score_time":0.0031307697,"r2":0.0431681852,"neg_mean_squared_error":-86.5165464831,"neg_median_absolute_error":-6.9499429034,"neg_mean_absolute_error":-8.7890169616,"max_error":-17.5264039376}
{"clf":"KNeighborsRegressor()","sampler":"None","fit_time":0.0103721142,"score_time":0.0120230675,"r2":-0.1161307131,"neg_mean_squared_error":-100.9134608155,"neg_median_absolute_error":-8.0,"neg_mean_absolute_error":-8.6284131598,"max_error":-20.0}
{"clf":"MLPRegressor()","sampler":"None","fit_time":4.2297514915,"score_time":0.0028025627,"r2":0.0481918262,"neg_mean_squared_error":-86.061769399,"neg_median_absolute_error":-6.9622541778,"neg_mean_absolute_error":-8.7929213622,"max_error":-13.0400775155}
{"clf":"SVR()","sampler":"None","fit_time":1.7784200668,"score_time":1.0738877773,"r2":-0.4293117186,"neg_mean_squared_error":-129.2928567223,"neg_median_absolute_error":-0.0998232654,"neg_mean_absolute_error":-6.8842165348,"max_error":-19.9085484322}
{"clf":"DecisionTreeRegressor()","sampler":"None","fit_time":0.0174119473,"score_time":0.0017878056,"r2":-0.1878779765,"neg_mean_squared_error":-107.4199140247,"neg_median_absolute_error":-6.9464573338,"neg_mean_absolute_error":-8.8294183522,"max_error":-20.0}
{"clf":"AdaBoostRegressor()","sampler":"RandomOverSampler(random_state=42)","fit_time":0.7023395538,"score_time":0.003210783,"r2":-0.0363493194,"neg_mean_squared_error":-93.6808539766,"neg_median_absolute_error":-9.6860338904,"neg_mean_absolute_error":-9.5785554987,"max_error":-11.2196129487}
{"clf":"RandomForestRegressor()","sampler":"RandomOverSampler(random_state=42)","fit_time":15.9475209713,"score_time":0.0329126835,"r2":-0.1430477118,"neg_mean_squared_error":-103.3390689051,"neg_median_absolute_error":-9.1652704109,"neg_mean_absolute_error":-9.3515136372,"max_error":-20.0}
{"clf":"ExtraTreesRegressor()","sampler":"RandomOverSampler(random_state=42)","fit_time":2.7126841545,"score_time":0.0228823662,"r2":-0.1402075782,"neg_mean_squared_error":-103.0794244574,"neg_median_absolute_error":-9.1689897354,"neg_mean_absolute_error":-9.2744919484,"max_error":-20.0}
{"clf":"GradientBoostingRegressor()","sampler":"RandomOverSampler(random_state=42)","fit_time":4.960738039,"score_time":0.0034630775,"r2":-0.0266015599,"neg_mean_squared_error":-92.8019789632,"neg_median_absolute_error":-9.3282573081,"neg_mean_absolute_error":-9.4890736551,"max_error":-15.4549446352}
{"clf":"KNeighborsRegressor()","sampler":"RandomOverSampler(random_state=42)","fit_time":0.1216135025,"score_time":0.015158987,"r2":-0.1999833291,"neg_mean_squared_error":-108.495730196,"neg_median_absolute_error":-8.0,"neg_mean_absolute_error":-8.7742603747,"max_error":-20.0}
{"clf":"MLPRegressor()","sampler":"RandomOverSampler(random_state=42)","fit_time":124.1546259403,"score_time":0.005832386,"r2":-0.014823312,"neg_mean_squared_error":-91.7422497733,"neg_median_absolute_error":-9.1438021979,"neg_mean_absolute_error":-9.451505227,"max_error":-14.8470334773}
{"clf":"DecisionTreeRegressor()","sampler":"RandomOverSampler(random_state=42)","fit_time":0.2634027004,"score_time":0.0024772167,"r2":-0.2253807791,"neg_mean_squared_error":-110.7849420529,"neg_median_absolute_error":-9.1689897354,"neg_mean_absolute_error":-9.3020424729,"max_error":-20.0}
{"clf":"AdaBoostRegressor()","sampler":"RandomUnderSampler(random_state=42)","fit_time":0.011081171,"score_time":0.002597332,"r2":-0.126483504,"neg_mean_squared_error":-101.9370278727,"neg_median_absolute_error":-10.6823854765,"neg_mean_absolute_error":-9.7783337049,"max_error":-18.4445238095}
{"clf":"RandomForestRegressor()","sampler":"RandomUnderSampler(random_state=42)","fit_time":0.1922625065,"score_time":0.0139323235,"r2":-0.1021341463,"neg_mean_squared_error":-99.6626982608,"neg_median_absolute_error":-9.0482572599,"neg_mean_absolute_error":-9.4710731029,"max_error":-18.852}
{"clf":"ExtraTreesRegressor()","sampler":"RandomUnderSampler(random_state=42)","fit_time":0.1117774963,"score_time":0.0158623695,"r2":-0.171652124,"neg_mean_squared_error":-105.9362128327,"neg_median_absolute_error":-9.0211880712,"neg_mean_absolute_error":-9.4648914188,"max_error":-20.0}
{"clf":"GradientBoostingRegressor()","sampler":"RandomUnderSampler(random_state=42)","fit_time":0.068886137,"score_time":0.0036913395,"r2":-0.1149361712,"neg_mean_squared_error":-100.8369074289,"neg_median_absolute_error":-9.2049354795,"neg_mean_absolute_error":-9.4873346784,"max_error":-20.9801224263}
{"clf":"KNeighborsRegressor()","sampler":"RandomUnderSampler(random_state=42)","fit_time":0.0062002182,"score_time":0.0042020798,"r2":-0.1529119412,"neg_mean_squared_error":-104.1780618777,"neg_median_absolute_error":-8.12,"neg_mean_absolute_error":-9.4228293665,"max_error":-18.0}
{"clf":"MLPRegressor()","sampler":"RandomUnderSampler(random_state=42)","fit_time":0.2323085785,"score_time":0.002645874,"r2":-0.4321034951,"neg_mean_squared_error":-129.3661581233,"neg_median_absolute_error":-13.9286310702,"neg_mean_absolute_error":-10.6789094019,"max_error":-13.9977399658}
{"clf":"DecisionTreeRegressor()","sampler":"RandomUnderSampler(random_state=42)","fit_time":0.0064005375,"score_time":0.0017960548,"r2":-0.2406249479,"neg_mean_squared_error":-112.1954746018,"neg_median_absolute_error":-9.0211880712,"neg_mean_absolute_error":-9.4759216544,"max_error":-20.0}
