{"clf":"AdaBoostRegressor()","sampler":"None","fit_time":0.0579719543,"score_time":0.0035918236,"r2":0.147083732,"neg_mean_squared_error":-75.2756873112,"neg_median_absolute_error":-7.4030617876,"neg_mean_absolute_error":-8.0875143196,"max_error":-17.6634663912}
{"clf":"RandomForestRegressor()","sampler":"None","fit_time":1.2644972801,"score_time":0.0234781265,"r2":0.0942382927,"neg_mean_squared_error":-79.9410188674,"neg_median_absolute_error":-6.5588459658,"neg_mean_absolute_error":-7.8588470831,"max_error":-19.954}
{"clf":"ExtraTreesRegressor()","sampler":"None","fit_time":0.4895284176,"score_time":0.026419735,"r2":0.0426554839,"neg_mean_squared_error":-84.4938602481,"neg_median_absolute_error":-6.5729398757,"neg_mean_absolute_error":-7.8947880029,"max_error":-20.0}
{"clf":"GradientBoostingRegressor()","sampler":"None","fit_time":0.5548217773,"score_time":0.0040207863,"r2":0.1521588058,"neg_mean_squared_error":-74.8293507347,"neg_median_absolute_error":-6.5729345494,"neg_mean_absolute_error":-7.8574992316,"max_error":-18.4415612515}
{"clf":"KNeighborsRegressor()","sampler":"None","fit_time":0.0125043392,"score_time":0.0180199623,"r2":0.0169830802,"neg_mean_squared_error":-86.7600004636,"neg_median_absolute_error":-7.98,"neg_mean_absolute_error":-7.6838019181,"max_error":-20.0}
{"clf":"MLPRegressor()","sampler":"None","fit_time":5.3539048195,"score_time":0.0036006927,"r2":0.1542859965,"neg_mean_squared_error":-74.6421496162,"neg_median_absolute_error":-6.57662294,"neg_mean_absolute_error":-7.864757158,"max_error":-18.7376582882}
{"clf":"DecisionTreeRegressor()","sampler":"None","fit_time":0.0160862446,"score_time":0.0021995068,"r2":-0.0367979464,"neg_mean_squared_error":-91.5075718218,"neg_median_absolute_error":-6.5729398757,"neg_mean_absolute_error":-7.9638878631,"max_error":-20.0}
{"clf":"AdaBoostRegressor()","sampler":"RandomOverSampler(random_state=42)","fit_time":0.4263823032,"score_time":0.0036017418,"r2":0.0362506282,"neg_mean_squared_error":-85.0604133196,"neg_median_absolute_error":-9.7506851254,"neg_mean_absolute_error":-8.7700993497,"max_error":-15.5929315882}
{"clf":"RandomForestRegressor()","sampler":"RandomOverSampler(random_state=42)","fit_time":6.9121047497,"score_time":0.0292926788,"r2":0.0316526761,"neg_mean_squared_error":-85.4658357062,"neg_median_absolute_error":-7.6916275093,"neg_mean_absolute_error":-8.1247264732,"max_error":-20.0}
{"clf":"ExtraTreesRegressor()","sampler":"RandomOverSampler(random_state=42)","fit_time":2.7140554428,"score_time":0.0260068893,"r2":0.0290866898,"neg_mean_squared_error":-85.6902915571,"neg_median_absolute_error":-7.6950692496,"neg_mean_absolute_error":-8.1486221335,"max_error":-20.0}
{"clf":"GradientBoostingRegressor()","sampler":"RandomOverSampler(random_state=42)","fit_time":4.3270971298,"score_time":0.0040018082,"r2":0.0942893597,"neg_mean_squared_error":-79.9377343277,"neg_median_absolute_error":-7.6510293086,"neg_mean_absolute_error":-8.1547645526,"max_error":-19.2777978579}
{"clf":"KNeighborsRegressor()","sampler":"RandomOverSampler(random_state=42)","fit_time":0.1134058952,"score_time":0.0164093494,"r2":-0.0628113582,"neg_mean_squared_error":-93.8076065797,"neg_median_absolute_error":-8.0,"neg_mean_absolute_error":-7.7645391993,"max_error":-20.0}
{"clf":"MLPRegressor()","sampler":"RandomOverSampler(random_state=42)","fit_time":94.5034796238,"score_time":0.0060940266,"r2":0.0900086359,"neg_mean_squared_error":-80.3162150766,"neg_median_absolute_error":-7.8138657572,"neg_mean_absolute_error":-8.156231034,"max_error":-19.4473657584}
{"clf":"DecisionTreeRegressor()","sampler":"RandomOverSampler(random_state=42)","fit_time":0.127631855,"score_time":0.0031669617,"r2":-0.0448815344,"neg_mean_squared_error":-92.2204376155,"neg_median_absolute_error":-7.6950692496,"neg_mean_absolute_error":-8.1791977074,"max_error":-20.0}
{"clf":"AdaBoostRegressor()","sampler":"RandomUnderSampler(random_state=42)","fit_time":0.0246155739,"score_time":0.004484272,"r2":0.0445083642,"neg_mean_squared_error":-84.3246008518,"neg_median_absolute_error":-9.4396862555,"neg_mean_absolute_error":-8.7410808286,"max_error":-16.2705708694}
{"clf":"RandomForestRegressor()","sampler":"RandomUnderSampler(random_state=42)","fit_time":0.382055521,"score_time":0.0198750496,"r2":0.0464130492,"neg_mean_squared_error":-84.1691102579,"neg_median_absolute_error":-8.1069973471,"neg_mean_absolute_error":-8.2467794832,"max_error":-19.5588495989}
{"clf":"ExtraTreesRegressor()","sampler":"RandomUnderSampler(random_state=42)","fit_time":0.1772485256,"score_time":0.0193553925,"r2":0.0126076337,"neg_mean_squared_error":-87.1510040779,"neg_median_absolute_error":-8.083524998,"neg_mean_absolute_error":-8.2433874979,"max_error":-19.942}
{"clf":"GradientBoostingRegressor()","sampler":"RandomUnderSampler(random_state=42)","fit_time":0.1340963364,"score_time":0.0036793232,"r2":0.0684222649,"neg_mean_squared_error":-82.2250890421,"neg_median_absolute_error":-7.9613541403,"neg_mean_absolute_error":-8.2613768764,"max_error":-19.3060567069}
{"clf":"KNeighborsRegressor()","sampler":"RandomUnderSampler(random_state=42)","fit_time":0.0066038132,"score_time":0.0077118874,"r2":-0.1121747859,"neg_mean_squared_error":-98.1584600095,"neg_median_absolute_error":-8.0,"neg_mean_absolute_error":-8.3482534085,"max_error":-20.0}
{"clf":"MLPRegressor()","sampler":"RandomUnderSampler(random_state=42)","fit_time":0.625559473,"score_time":0.0033608913,"r2":0.0936758273,"neg_mean_squared_error":-79.9937192626,"neg_median_absolute_error":-7.1284334771,"neg_mean_absolute_error":-8.3132650755,"max_error":-15.207578346}
{"clf":"DecisionTreeRegressor()","sampler":"RandomUnderSampler(random_state=42)","fit_time":0.0090833187,"score_time":0.0023735046,"r2":-0.0401451102,"neg_mean_squared_error":-91.8134555196,"neg_median_absolute_error":-8.083524998,"neg_mean_absolute_error":-8.2858768934,"max_error":-20.0}
